system:index,B11,B12,B2,B3,B4,B8,NDMI,NDVI,class,year,.geo
1_00000000000000000018,0.19269999861717224,0.09025000035762787,0.056299999356269836,0.07069999724626541,0.051100000739097595,0.3034999966621399,0.22329705582241707,0.7117879237811903,1,2024,"{""type"":""Point"",""coordinates"":[107.0392849574291,-6.544314938169828]}"
1_00000000000000000000,0.14824999868869781,0.06334999948740005,0.032999999821186066,0.04904999956488609,0.026599999517202377,0.31439998745918274,0.35912675617670303,0.8439882666679135,1,2024,"{""type"":""Point"",""coordinates"":[107.07794536356249,-6.602720243767863]}"
1_00000000000000000001,0.1352500021457672,0.057750001549720764,0.03739999979734421,0.046300001442432404,0.025499999523162842,0.2410999983549118,0.2812541412736191,0.8087021775984794,1,2024,"{""type"":""Point"",""coordinates"":[106.99185795862465,-6.72416386095846]}"
1_00000000000000000002,0.18854999542236328,0.08320000022649765,0.053050000220537186,0.06830000132322311,0.037950001657009125,0.37540000677108765,0.3313237177444491,0.8163783675663787,1,2024,"{""type"":""Point"",""coordinates"":[106.48524165153844,-6.5347189527028124]}"
1_00000000000000000003,0.13349999487400055,0.05939999967813492,0.02590000070631504,0.039500001817941666,0.02539999969303608,0.21539999544620514,0.23473775535803318,0.7890365431415505,1,2024,"{""type"":""Point"",""coordinates"":[106.49623779473625,-6.707023076509015]}"
1_00000000000000000004,0.1818999946117401,0.08115000277757645,0.04520000144839287,0.05894999951124191,0.0328500010073185,0.3183499872684479,0.2727636133915705,0.8129270950799447,1,2024,"{""type"":""Point"",""coordinates"":[106.53949999315678,-6.4797248594106645]}"
1_00000000000000000005,0.15299999713897705,0.07490000128746033,0.04050000011920929,0.051600001752376556,0.02979999966919422,0.2150000035762787,0.1684782780347733,0.7565359536428412,1,2024,"{""type"":""Point"",""coordinates"":[106.97649635549553,-6.644702680186054]}"
1_00000000000000000006,0.15839999914169312,0.07204999774694443,0.042750000953674316,0.0628499984741211,0.03465000167489052,0.2948000133037567,0.3009708967704003,0.7896494150887423,1,2024,"{""type"":""Point"",""coordinates"":[106.9823600733808,-6.5031886491538975]}"
1_00000000000000000007,0.14249999821186066,0.0632999986410141,0.027899999171495438,0.03819999843835831,0.021800000220537186,0.24310000240802765,0.2608921266453398,0.8354095884921185,1,2024,"{""type"":""Point"",""coordinates"":[106.58715886521601,-6.656430115956617]}"
1_00000000000000000008,0.17794999480247498,0.07540000230073929,0.05555000156164169,0.06620000302791595,0.039650000631809235,0.3462499976158142,0.32106067387929876,0.7945063445874042,1,2024,"{""type"":""Point"",""coordinates"":[106.96550021229774,-6.497324931268615]}"
1_00000000000000000009,0.15489999949932098,0.06480000168085098,0.035599999129772186,0.04699999839067459,0.026399999856948853,0.30169999599456787,0.3215067848094441,0.8390734520527315,1,2024,"{""type"":""Point"",""coordinates"":[106.57909235141032,-6.490725461709515]}"
1_0000000000000000000a,0.1784999966621399,0.07744999974966049,0.0340999998152256,0.04814999923110008,0.029600000008940697,0.3370000123977661,0.3074685023278186,0.8385160992515058,1,2024,"{""type"":""Point"",""coordinates"":[106.89071216942934,-6.7480824790091445]}"
1_0000000000000000000b,0.14474999904632568,0.05784999951720238,0.04324999824166298,0.05144999921321869,0.030750000849366188,0.31310001015663147,0.3676968608199352,0.8211429410201192,1,2024,"{""type"":""Point"",""coordinates"":[106.52849939085793,-6.555979946525643]}"
1_0000000000000000000c,0.16695000231266022,0.07559999823570251,0.03680000081658363,0.050450000911951065,0.03164999932050705,0.2759000062942505,0.24602010130770516,0.7941798163375592,1,2024,"{""type"":""Point"",""coordinates"":[106.46730714710151,-6.398373019791598]}"
1_0000000000000000000d,0.1527000069618225,0.06414999812841415,0.03959999978542328,0.04899999871850014,0.03164999932050705,0.32659998536109924,0.36282074104877937,0.8233077422256646,1,2024,"{""type"":""Point"",""coordinates"":[106.56548317499521,-6.419736572938657]}"
1_0000000000000000000e,0.14104999601840973,0.059950001537799835,0.05009999871253967,0.05350000038743019,0.0361500009894371,0.2946000099182129,0.35246186573481025,0.7814058969175322,1,2024,"{""type"":""Point"",""coordinates"":[106.7417157668295,-6.511750123176513]}"
1_0000000000000000000f,0.1732500046491623,0.0767500028014183,0.0560000017285347,0.07580000162124634,0.04594999924302101,0.3580000102519989,0.34776470667433157,0.7724966052088309,1,2024,"{""type"":""Point"",""coordinates"":[106.62258642308565,-6.48998079183359]}"
1_00000000000000000010,0.22914999723434448,0.1039000004529953,0.04884999990463257,0.07615000009536743,0.03974999859929085,0.4524500072002411,0.32761151483725837,0.838480300158791,1,2024,"{""type"":""Point"",""coordinates"":[106.47172611624546,-6.634656325512642]}"
1_00000000000000000011,0.13854999840259552,0.06265000253915787,0.04340000078082085,0.04924999922513962,0.03319999948143959,0.24549999833106995,0.27847936684827806,0.7617509885753619,1,2024,"{""type"":""Point"",""coordinates"":[106.5284369634432,-6.506889703028256]}"
1_00000000000000000012,0.2777499854564667,0.13054999709129333,0.08025000244379044,0.09939999878406525,0.061500001698732376,0.5114499926567078,0.2961226731898459,0.7853215732450824,1,2024,"{""type"":""Point"",""coordinates"":[106.68421565874533,-6.554035778466341]}"
1_00000000000000000013,0.15629999339580536,0.06449999660253525,0.03799999877810478,0.048700001090765,0.030500000342726707,0.2662999927997589,0.2602934287675283,0.7944743864728832,1,2024,"{""type"":""Point"",""coordinates"":[106.45591414390995,-6.583109117334808]}"
1_00000000000000000014,0.18549999594688416,0.0828000009059906,0.03440000116825104,0.0568000003695488,0.030700000002980232,0.41200000047683716,0.379079507758405,0.8613056247133217,1,2024,"{""type"":""Point"",""coordinates"":[106.58496052839666,-6.708490120755598]}"
1_00000000000000000015,0.16359999775886536,0.0723000019788742,0.0284000001847744,0.0502999983727932,0.02280000038444996,0.32409998774528503,0.32909574483687126,0.8685500076989157,1,2024,"{""type"":""Point"",""coordinates"":[106.76166578494261,-6.696026933311216]}"
1_00000000000000000016,0.17630000412464142,0.08169999718666077,0.046300001442432404,0.053599998354911804,0.033399999141693115,0.31850001215934753,0.2873888507576177,0.8101733556744882,1,2024,"{""type"":""Point"",""coordinates"":[106.62895401938997,-6.45113310345597]}"
1_00000000000000000017,0.14010000228881836,0.05900000035762787,0.03550000116229057,0.04839999973773956,0.0364999994635582,0.249099999666214,0.28006165680849443,0.7443977620814126,1,2024,"{""type"":""Point"",""coordinates"":[107.17886373860408,-6.56991463731766]}"
1_00000000000000000019,0.18045000731945038,0.07880000025033951,0.03765000030398369,0.05855000019073486,0.03525000065565109,0.3103500008583069,0.264669909075897,0.7960069415437926,1,2024,"{""type"":""Point"",""coordinates"":[107.12122093928618,-6.529943255474572]}"
1_0000000000000000001a,0.1555500030517578,0.06355000287294388,0.04280000180006027,0.05810000002384186,0.032999999821186066,0.29464998841285706,0.30897376276834587,0.7985655363575725,1,2024,"{""type"":""Point"",""coordinates"":[106.92501157473244,-6.565517963678964]}"
1_0000000000000000001b,0.1923000067472458,0.08004999905824661,0.05739999935030937,0.07100000232458115,0.04064999893307686,0.39750000834465027,0.3479145411100617,0.8144471151072682,1,2024,"{""type"":""Point"",""coordinates"":[107.00622518221886,-6.533894019007924]}"
1_0000000000000000001c,0.16695000231266022,0.07644999772310257,0.03505000099539757,0.05204999819397926,0.029750000685453415,0.2976999878883362,0.2813945729754921,0.8182928586131292,1,2024,"{""type"":""Point"",""coordinates"":[107.14997322287878,-6.643503182002678]}"
1_0000000000000000001d,0.1615999937057495,0.07190000265836716,0.04600000008940697,0.06300000101327896,0.03759999945759773,0.33719998598098755,0.3520449066287466,0.7993596535837707,1,2024,"{""type"":""Point"",""coordinates"":[106.93578922197864,-6.628047937751433]}"
1_0000000000000000001e,0.16179999709129333,0.06549999862909317,0.0364999994635582,0.05660000070929527,0.03180000185966492,0.33379998803138733,0.34705406800510125,0.8260393723252496,1,2024,"{""type"":""Point"",""coordinates"":[106.9743738233941,-6.561170340151854]}"
1_0000000000000000001f,0.17910000681877136,0.07900000363588333,0.032999999821186066,0.0568000003695488,0.02759999968111515,0.36079999804496765,0.3365437851256439,0.8578784766081285,1,2024,"{""type"":""Point"",""coordinates"":[106.63542863411956,-6.737527786815638]}"
1_00000000000000000020,0.148499995470047,0.06729999929666519,0.03449999913573265,0.04179999977350235,0.025100000202655792,0.2757999897003174,0.300023565117866,0.833167158225898,1,2024,"{""type"":""Point"",""coordinates"":[106.95643485985609,-6.749228467979879]}"
1_00000000000000000021,0.22370000183582306,0.10279999673366547,0.0560000017285347,0.06780000030994415,0.04114999994635582,0.40400001406669617,0.2872391391796195,0.8151185054432042,1,2024,"{""type"":""Point"",""coordinates"":[106.44238523131378,-6.4808708483814]}"
1_00000000000000000022,0.14270000159740448,0.06080000102519989,0.03629999980330467,0.04859999939799309,0.030799999833106995,0.2476000040769577,0.26876761710086705,0.7787356364904597,1,2024,"{""type"":""Point"",""coordinates"":[106.99738278482987,-6.600058160438954]}"
1_00000000000000000023,0.11580000072717667,0.04895000159740448,0.03474999964237213,0.0406000018119812,0.02500000037252903,0.21494999527931213,0.2997732297786341,0.7916232479636871,1,2024,"{""type"":""Point"",""coordinates"":[106.86430091388978,-6.7594665639985925]}"
1_00000000000000000024,0.1386999934911728,0.060499999672174454,0.03519999980926514,0.03849999979138374,0.022099999710917473,0.22310000658035278,0.23327809030540256,0.8197389955637673,1,2024,"{""type"":""Point"",""coordinates"":[106.56962122077282,-6.612490134175961]}"
1_00000000000000000025,0.18619999289512634,0.07850000262260437,0.05909999832510948,0.07590000331401825,0.044349998235702515,0.42500001192092896,0.3907068343326847,0.8110152454416607,1,2024,"{""type"":""Point"",""coordinates"":[106.95277839699224,-6.5291316990828445]}"
1_00000000000000000026,0.20669999718666077,0.09449999779462814,0.06040000170469284,0.06310000270605087,0.042399998754262924,0.37959998846054077,0.2949002140653647,0.799052132517337,1,2024,"{""type"":""Point"",""coordinates"":[106.91694952002781,-6.613952719321492]}"
1_00000000000000000027,0.13944999873638153,0.06480000168085098,0.026249999180436134,0.03880000114440918,0.022050000727176666,0.22139999270439148,0.2271026629121053,0.8188539632606336,1,2024,"{""type"":""Point"",""coordinates"":[106.4796811525248,-6.738259079388404]}"
1_00000000000000000028,0.15479999780654907,0.065700002014637,0.032499998807907104,0.0515500009059906,0.02889999933540821,0.296099990606308,0.31337324557742186,0.8221538447395584,1,2024,"{""type"":""Point"",""coordinates"":[106.59521200171854,-6.515968432773073]}"
1_00000000000000000029,0.13230000436306,0.05754999816417694,0.03180000185966492,0.049400001764297485,0.02785000018775463,0.30614998936653137,0.39651040595222636,0.833233526594299,1,2024,"{""type"":""Point"",""coordinates"":[107.01493380657624,-6.562766698328987]}"
1_0000000000000000002a,0.1468999981880188,0.06679999828338623,0.030799999833106995,0.04089999943971634,0.027000000700354576,0.21969999372959137,0.19858155250023485,0.7811106501016025,1,2024,"{""type"":""Point"",""coordinates"":[106.4570110827691,-6.679028840095482]}"
1_0000000000000000002b,0.13099999725818634,0.065700002014637,0.026200000196695328,0.03929999843239784,0.026100000366568565,0.2460000067949295,0.30503980981533546,0.8081587675146398,1,2024,"{""type"":""Point"",""coordinates"":[106.68222689967548,-6.736796494242872]}"
1_0000000000000000002c,0.1627500057220459,0.06984999775886536,0.04205000028014183,0.0531499981880188,0.02979999966919422,0.28084999322891235,0.2662308110598595,0.8081442114890461,1,2024,"{""type"":""Point"",""coordinates"":[106.45554849762357,-6.514505847627542]}"
1_0000000000000000002d,0.2159000039100647,0.1006999984383583,0.037300001829862595,0.07079999893903732,0.038100000470876694,0.45159998536109924,0.35310859211906925,0.8443945208364804,1,2024,"{""type"":""Point"",""coordinates"":[107.21382754996414,-6.600058160438954]}"
1_0000000000000000002e,0.1695999950170517,0.08009999990463257,0.03480000048875809,0.04580000042915344,0.026799999177455902,0.24869999289512634,0.18909873335851415,0.8054446464710222,1,2024,"{""type"":""Point"",""coordinates"":[106.99006985910223,-6.660750984877406]}"
1_0000000000000000002f,0.1890999972820282,0.0839499980211258,0.042100001126527786,0.050599999725818634,0.032499998807907104,0.3251500129699707,0.2645600641238172,0.8182580861868303,1,2024,"{""type"":""Point"",""coordinates"":[106.56157700247239,-6.479408263235871]}"
1_00000000000000000030,0.18330000340938568,0.07609999924898148,0.03500000014901161,0.05220000073313713,0.027400000020861626,0.35670000314712524,0.32111110672661314,0.8573288216877302,1,2024,"{""type"":""Point"",""coordinates"":[106.56630364958905,-6.684245988328014]}"
1_00000000000000000031,0.16699999570846558,0.06780000030994415,0.03920000046491623,0.054499998688697815,0.028449999168515205,0.30809998512268066,0.29699009704730545,0.8309315079694125,1,2024,"{""type"":""Point"",""coordinates"":[106.50604781705383,-6.560648625328601]}"
1_00000000000000000032,0.1151999980211258,0.051600001752376556,0.026000000536441803,0.032999999821186066,0.019600000232458115,0.2362000048160553,0.3443369545190188,0.8467552787675598,1,2024,"{""type"":""Point"",""coordinates"":[106.51943849751734,-6.746561925549918]}"
1_00000000000000000033,0.1923000067472458,0.08500000089406967,0.04594999924302101,0.05510000139474869,0.03525000065565109,0.31345000863075256,0.2395452262971442,0.7978204776777128,1,2024,"{""type"":""Point"",""coordinates"":[106.41231751291039,-6.51996378731696]}"
1_00000000000000000034,0.13615000247955322,0.05835000053048134,0.0430000014603138,0.05335000157356262,0.034049998968839645,0.2616499960422516,0.31548515341640776,0.7696990223651341,1,2024,"{""type"":""Point"",""coordinates"":[106.62089196468534,-6.537474677153842]}"
1_00000000000000000035,0.15160000324249268,0.06379999965429306,0.03660000115633011,0.04560000076889992,0.026100000366568565,0.273499995470047,0.2867560399829248,0.8257676853854031,1,2024,"{""type"":""Point"",""coordinates"":[106.97044981446707,-6.72690620810633]}"
1_00000000000000000036,0.10809999704360962,0.048500001430511475,0.03150000050663948,0.043150000274181366,0.02474999986588955,0.19589999318122864,0.2888157860553949,0.7756628085584905,1,2024,"{""type"":""Point"",""coordinates"":[106.76600003116656,-6.718206501951057]}"
1_00000000000000000037,0.17170000076293945,0.07930000126361847,0.02800000086426735,0.04960000142455101,0.026000000536441803,0.2833999991416931,0.24544055900277015,0.831932769466779,1,2024,"{""type"":""Point"",""coordinates"":[106.45956168857167,-6.7278827512370345]}"
1_00000000000000000038,0.15884999930858612,0.06894999742507935,0.04114999994635582,0.0531499981880188,0.02995000034570694,0.3297500014305115,0.34977487078061315,0.8334723369596209,1,2024,"{""type"":""Point"",""coordinates"":[106.52401353519816,-6.474859980161356]}"
1_00000000000000000039,0.14305000007152557,0.062199998646974564,0.027049999684095383,0.04769999906420708,0.02604999952018261,0.2705000042915344,0.30818523243955553,0.8243129375461277,1,2024,"{""type"":""Point"",""coordinates"":[106.55487051448802,-6.729251695260441]}"
1_0000000000000000003a,0.18790000677108765,0.0843999981880188,0.03669999912381172,0.05559999868273735,0.030400000512599945,0.3285999894142151,0.27241042339262483,0.8306406609159113,1,2024,"{""type"":""Point"",""coordinates"":[106.47053107716314,-6.663426445509475]}"
1_0000000000000000003b,0.17755000293254852,0.07989999651908875,0.055799998342990875,0.07015000283718109,0.042750000953674316,0.3289499878883362,0.29891409220050263,0.7699757748884678,1,2024,"{""type"":""Point"",""coordinates"":[106.96217372291187,-6.4844604247294235]}"
1_0000000000000000003c,0.17730000615119934,0.08229999989271164,0.03539999946951866,0.05649999901652336,0.03400000184774399,0.29739999771118164,0.25300187609604524,0.7948098859807119,1,2024,"{""type"":""Point"",""coordinates"":[107.18433951469771,-6.63668521649196]}"
1_0000000000000000003d,0.14524999260902405,0.05999999865889549,0.035750001668930054,0.04414999857544899,0.023800000548362732,0.28005000948905945,0.31695277736901484,0.8433437567079131,1,2024,"{""type"":""Point"",""coordinates"":[106.96834511876985,-6.6641131470717045]}"
1_0000000000000000003e,0.16130000352859497,0.06520000100135803,0.04349999874830246,0.05999999865889549,0.03359999880194664,0.31540000438690186,0.32326410383786636,0.8074498653585098,1,2024,"{""type"":""Point"",""coordinates"":[106.56515766061833,-6.508459306599071]}"
1_0000000000000000003f,0.18039999902248383,0.0794999971985817,0.03099999949336052,0.05000000074505806,0.029100000858306885,0.3249000012874603,0.28596873575369514,0.8355932164863416,1,2024,"{""type"":""Point"",""coordinates"":[106.4750927375408,-6.565946037380094]}"
1_00000000000000000040,0.13815000653266907,0.060350000858306885,0.02694999985396862,0.0369499996304512,0.02239999920129776,0.22345000505447388,0.23589600605211303,0.8177750757490834,1,2024,"{""type"":""Point"",""coordinates"":[106.53028749038037,-6.6977526054189]}"
1_00000000000000000041,0.19040000438690186,0.08889999985694885,0.039799999445676804,0.057999998331069946,0.032099999487400055,0.3483999967575073,0.2932442316908205,0.8312746396626033,1,2024,"{""type"":""Point"",""coordinates"":[106.53852790912714,-6.525577795543248]}"
1_00000000000000000042,0.19689999520778656,0.09860000014305115,0.04039999842643738,0.06859999895095825,0.031099999323487282,0.3659000098705292,0.3002843161652524,0.8433249440642279,1,2024,"{""type"":""Point"",""coordinates"":[106.97843606445379,-6.616195647151375]}"
1_00000000000000000043,0.19169999659061432,0.08810000121593475,0.04270000010728836,0.05860000103712082,0.0357000008225441,0.3650999963283539,0.3114224172825639,0.8218562820542968,1,2024,"{""type"":""Point"",""coordinates"":[106.90099931555963,-6.778484629991539]}"
1_00000000000000000044,0.17749999463558197,0.08030000329017639,0.03999999910593033,0.054499998688697815,0.03319999948143959,0.29409998655319214,0.24724341935657757,0.7971280116221778,1,2024,"{""type"":""Point"",""coordinates"":[106.604428963596,-6.680455752432585]}"
1_00000000000000000045,0.23019999265670776,0.10279999673366547,0.05490000173449516,0.08940000087022781,0.04430000111460686,0.5548999905586243,0.4135778943366248,0.8521361758003311,1,2024,"{""type"":""Point"",""coordinates"":[107.07152871714656,-6.623611132203255]}"
1_00000000000000000046,0.11490000039339066,0.05559999868273735,0.03709999844431877,0.043800000101327896,0.02850000001490116,0.19020000100135803,0.2468043273147734,0.7393689997030924,1,2024,"{""type"":""Point"",""coordinates"":[106.99573737654116,-6.647502995647619]}"
1_00000000000000000047,0.125900000333786,0.0507499985396862,0.039400000125169754,0.045899998396635056,0.027950000017881393,0.23919999599456787,0.3103259293349462,0.790754254650418,1,2024,"{""type"":""Point"",""coordinates"":[106.604428963596,-6.48191873712896]}"
1_00000000000000000048,0.20024999976158142,0.09184999763965607,0.05310000106692314,0.07334999740123749,0.0434500016272068,0.35100001096725464,0.2734694027603897,0.7796932425408325,1,2024,"{""type"":""Point"",""coordinates"":[106.50145494296879,-6.540408765647008]}"
1_00000000000000000049,0.16680000722408295,0.07415000349283218,0.042100001126527786,0.059450000524520874,0.03150000050663948,0.33660000562667847,0.3373063052601364,0.8288508558446975,1,2024,"{""type"":""Point"",""coordinates"":[106.60113368791751,-6.638437643205964]}"
1_0000000000000000004a,0.15629999339580536,0.07509999722242355,0.02979999966919422,0.0414000004529953,0.026599999517202377,0.2583000063896179,0.24602029195996813,0.8132678205285667,1,2024,"{""type"":""Point"",""coordinates"":[107.19097911616628,-6.586538166044906]}"
1_0000000000000000004b,0.01899999938905239,0.014800000004470348,0.03750000149011612,0.05220000073313713,0.030400000512599945,0.02449999935925007,0.12643678456225954,-0.10746814512061781,0,2024,"{""type"":""Point"",""coordinates"":[106.46960358414402,-6.3214089356091225]}"
1_0000000000000000004c,0.19009999930858612,0.18410000205039978,0.12280000001192093,0.13519999384880066,0.14180000126361847,0.1647000014781952,-0.07158962168564136,0.07471451879191984,0,2024,"{""type"":""Point"",""coordinates"":[106.56488565545405,-6.438255219613617]}"
1_0000000000000000004d,0.3549500107765198,0.22325000166893005,0.11289999634027481,0.14239999651908875,0.2003999948501587,0.2512499988079071,-0.1710656719383805,0.1125871906825395,0,2024,"{""type"":""Point"",""coordinates"":[106.45861635914834,-6.341871750343387]}"
1_0000000000000000004e,0.20804999768733978,0.18185000121593475,0.0674000009894371,0.08034999668598175,0.07680000364780426,0.17059999704360962,-0.09890400413273569,0.3791430603624114,0,2024,"{""type"":""Point"",""coordinates"":[106.76260219616384,-6.607134753810773]}"
1_0000000000000000004f,0.32249999046325684,0.27469998598098755,0.2531999945640564,0.27880001068115234,0.29660001397132874,0.30070000886917114,-0.034980715047236585,0.0068642135293158196,0,2024,"{""type"":""Point"",""coordinates"":[106.94301296568521,-6.514046560219037]}"
1_00000000000000000050,0.20329999923706055,0.15275000035762787,0.14830000698566437,0.14720000326633453,0.1216999962925911,0.263949990272522,0.1298020169013136,0.36885776983143603,0,2024,"{""type"":""Point"",""coordinates"":[106.71976361234339,-6.699402472808676]}"
1_00000000000000000051,0.2087000012397766,0.1264999955892563,0.07280000299215317,0.0966000035405159,0.07259999960660934,0.31189998984336853,0.19823278980254502,0.6223667016976376,0,2024,"{""type"":""Point"",""coordinates"":[106.77742870716654,-6.635967301222355]}"
1_00000000000000000052,0.29589998722076416,0.22310000658035278,0.19679999351501465,0.18299999833106995,0.17520000040531158,0.3156000077724457,0.032215896505281685,0.2860635799261931,0,2024,"{""type"":""Point"",""coordinates"":[106.506395626936,-6.688691712078298]}"
1_00000000000000000053,0.23479999601840973,0.21080000698566437,0.08910000324249268,0.10660000145435333,0.10480000078678131,0.19930000603199005,-0.08177836862184135,0.3107530520429291,0,2024,"{""type"":""Point"",""coordinates"":[106.86228094111256,-6.681276227026418]}"
1_00000000000000000054,0.23489999771118164,0.21514999866485596,0.08139999955892563,0.09745000302791595,0.09669999778270721,0.1774500012397766,-0.1393233821209193,0.29454679461971056,0,2024,"{""type"":""Point"",""coordinates"":[106.96607989543467,-6.395416635793163]}"
1_00000000000000000055,0.29420000314712524,0.29980000853538513,0.16040000319480896,0.1687999963760376,0.1736000031232834,0.2053000032901764,-0.17797797539789978,0.0836632347065775,0,2024,"{""type"":""Point"",""coordinates"":[106.87793238581015,-6.4934499724531705]}"
1_00000000000000000056,0.2554999887943268,0.2583000063896179,0.09700000286102295,0.11020000278949738,0.13680000603199005,0.19200000166893005,-0.1418994155947598,0.16788319447714395,0,2024,"{""type"":""Point"",""coordinates"":[106.85322004777197,-6.465442358736478]}"
1_00000000000000000057,0.23784999549388885,0.22075000405311584,0.08455000072717667,0.09594999998807907,0.11829999834299088,0.17624999582767487,-0.14875634136002516,0.19674078639128093,0,2024,"{""type"":""Point"",""coordinates"":[106.80461584628941,-6.459672281973318]}"
1_00000000000000000058,0.15854999423027039,0.11289999634027481,0.07150000333786011,0.08465000241994858,0.07649999856948853,0.2082500010728836,0.13549620359601425,0.46268657653683826,0,2024,"{""type"":""Point"",""coordinates"":[107.04022582775139,-6.458026873684597]}"
1_00000000000000000059,0.17184999585151672,0.10559999942779541,0.07519999891519547,0.08820000290870667,0.0734499990940094,0.21439999341964722,0.1101618090615883,0.4896647489714652,0,2024,"{""type"":""Point"",""coordinates"":[106.56241531347044,-6.352578051972708]}"
1_0000000000000000005a,0.26260000467300415,0.2558000087738037,0.08219999819993973,0.09969999641180038,0.12559999525547028,0.20110000669956207,-0.1326288472398355,0.23109890110892553,0,2024,"{""type"":""Point"",""coordinates"":[106.72964943937887,-6.429194326273016]}"
1_0000000000000000005b,0.05310000106692314,0.03020000085234642,0.0828000009059906,0.09440000355243683,0.07339999824762344,0.1168999969959259,0.3752940979764946,0.22858644159517913,0,2024,"{""type"":""Point"",""coordinates"":[106.69010613123692,-6.451436322327605]}"
1_0000000000000000005c,0.16359999775886536,0.08630000054836273,0.06279999762773514,0.0689999982714653,0.05400000140070915,0.2612000107765198,0.22975520493551144,0.6573604104409341,0,2024,"{""type"":""Point"",""coordinates"":[106.9306567966661,-6.682101160721306]}"
1_0000000000000000005d,0.19394999742507935,0.10890000313520432,0.08020000159740448,0.0877000018954277,0.06840000301599503,0.2862499952316284,0.1922115768804974,0.6142675688483336,0,2024,"{""type"":""Point"",""coordinates"":[106.91747569395211,-6.448141046649107]}"
1_0000000000000000005e,0.22699999809265137,0.1829500049352646,0.07635000348091125,0.08720000088214874,0.09624999761581421,0.19300000369548798,-0.08095236726764114,0.3344857584824956,0,2024,"{""type"":""Point"",""coordinates"":[106.63491137839736,-6.5758318644155835]}"
1_0000000000000000005f,0.24050000309944153,0.1895499974489212,0.08669999986886978,0.10194999724626541,0.09629999846220016,0.24779999256134033,0.01494980447833149,0.4402789830028673,0,2024,"{""type"":""Point"",""coordinates"":[106.86228094111256,-6.565946037380094]}"
1_00000000000000000060,0.2439499944448471,0.24560000002384186,0.12200000137090683,0.12530000507831573,0.13570000231266022,0.17225000262260437,-0.1722729272643956,0.11868809782168205,0,2024,"{""type"":""Point"",""coordinates"":[106.74911787457822,-6.455396004063061]}"
1_00000000000000000061,0.24580000340938568,0.23109999299049377,0.1379999965429306,0.14579999446868896,0.15639999508857727,0.22139999270439148,-0.05222605074476942,0.17204870226579697,0,2024,"{""type"":""Point"",""coordinates"":[106.83138828901428,-6.69720859509038]}"
1_00000000000000000062,0.26794999837875366,0.19054999947547913,0.08669999986886978,0.11569999903440475,0.13860000669956207,0.26295000314712524,-0.009417960477034753,0.3096749928982452,0,2024,"{""type"":""Point"",""coordinates"":[107.08458050593,-6.551886491758579]}"
1_00000000000000000063,0.26010000705718994,0.24819999933242798,0.07530000060796738,0.0868000015616417,0.10490000247955322,0.17104999721050262,-0.20654066790034847,0.23971732127286965,0,2024,"{""type"":""Point"",""coordinates"":[106.82069090558707,-6.739106308588559]}"
1_00000000000000000064,0.2223999947309494,0.15970000624656677,0.07159999758005142,0.08969999849796295,0.07959999889135361,0.2759000062942505,0.10736506412448411,0.5521800408987617,0,2024,"{""type"":""Point"",""coordinates"":[106.94015468190996,-6.41548259053367]}"
1_00000000000000000065,0.2581999897956848,0.23149999976158142,0.0714000016450882,0.0851999968290329,0.1096000000834465,0.1949000060558319,-0.13970422493801268,0.2801313768557665,0,2024,"{""type"":""Point"",""coordinates"":[106.66377959861738,-6.587550381984041]}"
1_00000000000000000066,0.18250000476837158,0.1687999963760376,0.11919999867677689,0.121799997985363,0.12139999866485596,0.15209999680519104,-0.09085477531444969,0.1122486239444829,0,2024,"{""type"":""Point"",""coordinates"":[106.61018120395495,-6.447271521943684]}"
1_00000000000000000067,0.3264999985694885,0.3197999894618988,0.17010000348091125,0.18559999763965607,0.1899999976158142,0.19030000269412994,-0.26354488301536066,7.888642599822009E-4,0,2024,"{""type"":""Point"",""coordinates"":[106.54370492545019,-6.371671922683563]}"
1_00000000000000000068,0.24040000140666962,0.2639999985694885,0.12319999933242798,0.131400004029274,0.14380000531673431,0.16040000319480896,-0.1996007916502043,0.05456935375938603,0,2024,"{""type"":""Point"",""coordinates"":[106.79493067880132,-6.493842373345875]}"
1_00000000000000000069,0.32510000467300415,0.3537999987602234,0.12219999730587006,0.12680000066757202,0.13099999725818634,0.1809999942779541,-0.28472635979794486,0.16025640505178035,0,2024,"{""type"":""Point"",""coordinates"":[106.85391566753631,-6.519843391588517]}"
1_0000000000000000006a,0.24529999494552612,0.23579999804496765,0.11739999800920486,0.12319999933242798,0.13600000739097595,0.17299999296665192,-0.17284246729180774,0.11974105350437937,0,2024,"{""type"":""Point"",""coordinates"":[106.79937194345057,-6.52999230558616]}"
1_0000000000000000006b,0.22139999270439148,0.147599995136261,0.07940000295639038,0.09390000253915787,0.07720000296831131,0.30630001425743103,0.16088690625918792,0.5973924406742932,0,2024,"{""type"":""Point"",""coordinates"":[106.81142043449698,-6.519843391588517]}"
1_0000000000000000006c,0.22529999911785126,0.21330000460147858,0.155799999833107,0.16830000281333923,0.17239999771118164,0.2085999995470047,-0.03848813003510891,0.09501312886176208,0,2024,"{""type"":""Point"",""coordinates"":[106.90084770612383,-6.479889846149642]}"
1_0000000000000000006d,0.22190000116825104,0.1671999990940094,0.07400000095367432,0.09510000050067902,0.08320000022649765,0.29179999232292175,0.1360716216475324,0.5562666566424898,0,2024,"{""type"":""Point"",""coordinates"":[106.67560067551005,-6.38535690381659]}"
1_0000000000000000006e,0.21490000188350677,0.1399500072002411,0.06724999845027924,0.08304999768733978,0.0706000030040741,0.2712000012397766,0.1158197880981934,0.5868929073874097,0,2024,"{""type"":""Point"",""coordinates"":[106.96771192642024,-6.452096269283514]}"
1_0000000000000000006f,0.18934999406337738,0.1758500039577484,0.10159999877214432,0.11100000143051147,0.12120000272989273,0.1695999950170517,-0.055021589767761066,0.16643738879694517,0,2024,"{""type"":""Point"",""coordinates"":[106.96964271717638,-6.330224578391784]}"
1_00000000000000000070,0.25745001435279846,0.17900000512599945,0.09714999794960022,0.13779999315738678,0.16130000352859497,0.23559999465942383,-0.04431603142478188,0.18720078475694926,0,2024,"{""type"":""Point"",""coordinates"":[106.89226393659595,-6.604923039688265]}"
1_00000000000000000071,0.1976500004529953,0.18320000171661377,0.08269999921321869,0.09465000033378601,0.09260000288486481,0.16740000247955322,-0.08286535469233093,0.28769230019764097,0,2024,"{""type"":""Point"",""coordinates"":[106.7558823308763,-6.651351199856743]}"
1_00000000000000000072,0.2188500016927719,0.15414999425411224,0.07540000230073929,0.09769999980926514,0.09700000286102295,0.2572000026702881,0.08055876615068469,0.45228683598962727,0,2024,"{""type"":""Point"",""coordinates"":[106.88259214641103,-6.677468154726775]}"
1_00000000000000000073,0.2771500051021576,0.2653999924659729,0.08344999700784683,0.09584999829530716,0.12759999930858612,0.18445000052452087,-0.2008232310391442,0.18218234656734406,0,2024,"{""type"":""Point"",""coordinates"":[106.59435139521521,-6.567199044776112]}"
1_00000000000000000074,0.16279999911785126,0.09200000017881393,0.06589999794960022,0.08349999785423279,0.06390000134706497,0.2240000069141388,0.15822132068743047,0.5560958700001825,0,2024,"{""type"":""Point"",""coordinates"":[106.66302601053934,-6.6794034045839705]}"
1_00000000000000000075,0.24230000376701355,0.1352500021457672,0.0637499988079071,0.09149999916553497,0.0723000019788742,0.32199999690055847,0.141236918375437,0.6332741456538438,0,2024,"{""type"":""Point"",""coordinates"":[106.56049790001745,-6.38535690381659]}"
1_00000000000000000076,0.18790000677108765,0.1534000039100647,0.1581999957561493,0.16859999299049377,0.16979999840259552,0.18790000677108765,0.0,0.05060108500614522,0,2024,"{""type"":""Point"",""coordinates"":[106.85322004777197,-6.62526099959303]}"
1_00000000000000000077,0.26170000433921814,0.22759999334812164,0.1143999993801117,0.12600000202655792,0.12380000203847885,0.2533999979496002,-0.016113388376504174,0.3435842945790488,0,2024,"{""type"":""Point"",""coordinates"":[106.71646833666489,-6.394591702098276]}"
1_00000000000000000078,0.2313999980688095,0.21879999339580536,0.09640000015497208,0.10119999945163727,0.11699999868869781,0.17249999940395355,-0.14582817289774277,0.19170984829331003,0,2024,"{""type"":""Point"",""coordinates"":[106.81614708161361,-6.486034487401291]}"
1_00000000000000000079,0.2379000037908554,0.24580000340938568,0.10700000077486038,0.11140000075101852,0.13079999387264252,0.16949999332427979,-0.16789398858843171,0.12887113253940857,0,2024,"{""type"":""Point"",""coordinates"":[106.70575757593451,-6.4357848776300095]}"
1_0000000000000000007a,0.21699999272823334,0.16930000483989716,0.08190000057220459,0.09745000302791595,0.10130000114440918,0.2468000054359436,0.06425186033994246,0.4179833425482809,0,2024,"{""type"":""Point"",""coordinates"":[107.06328829839981,-6.469558109008807]}"
1_0000000000000000007b,0.24699999392032623,0.2337000072002411,0.13439999520778656,0.1281999945640564,0.14980000257492065,0.20479999482631683,-0.09340416145444835,0.15510432220664264,0,2024,"{""type"":""Point"",""coordinates"":[106.82191715837679,-6.715878851201158]}"
1_0000000000000000007c,0.22390000522136688,0.1808999925851822,0.07410000264644623,0.08619999885559082,0.08730000257492065,0.1805499941110611,-0.10718262129276278,0.34814258984465685,0,2024,"{""type"":""Point"",""coordinates"":[106.72717909739526,-6.490154696774675]}"
1_0000000000000000007d,0.17925000190734863,0.1316000074148178,0.06310000270605087,0.08590000122785568,0.09929999709129333,0.16509999334812164,-0.04109193772089127,0.24886535036356525,0,2024,"{""type"":""Point"",""coordinates"":[106.71484968298249,-6.572179860652812]}"
1_0000000000000000007e,0.2560499906539917,0.2326499968767166,0.10559999942779541,0.11270000040531158,0.12370000034570694,0.22235000133514404,-0.07044312266546394,0.28507441268680683,0,2024,"{""type"":""Point"",""coordinates"":[106.66962102099738,-6.458272124242536]}"
1_0000000000000000007f,0.39660000801086426,0.4162999987602234,0.10939999669790268,0.11640000343322754,0.1347000002861023,0.18655000627040863,-0.36019891382381314,0.16140079354421874,0,2024,"{""type"":""Point"",""coordinates"":[106.95940908025874,-6.433149548907422]}"
1_00000000000000000080,0.17274999618530273,0.09629999846220016,0.06780000030994415,0.0750499963760376,0.059300001710653305,0.22005000710487366,0.12041754206562111,0.5754429938120176,0,2024,"{""type"":""Point"",""coordinates"":[106.9049679154972,-6.651743600749445]}"
1_00000000000000000081,0.26660001277923584,0.24690000712871552,0.08460000157356262,0.09799999743700027,0.13699999451637268,0.1981000006198883,-0.14740695111733051,0.18233365261217227,0,2024,"{""type"":""Point"",""coordinates"":[106.46358825682293,-6.480888684785614]}"
1_00000000000000000082,0.04295000061392784,0.026599999517202377,0.058800000697374344,0.0669500008225441,0.04729999974370003,0.052149999886751175,0.09674026524066785,0.048768226858455374,0,2024,"{""type"":""Point"",""coordinates"":[107.00630990513888,-6.441523740685794]}"
1_00000000000000000083,0.18310000002384186,0.09489999711513519,0.12160000205039978,0.10559999942779541,0.07460000365972519,0.26739999651908875,0.1871254098604937,0.5637426688846741,0,2024,"{""type"":""Point"",""coordinates"":[106.91920582516086,-6.763136404165578]}"
1_00000000000000000084,0.121799997985363,0.07050000131130219,0.05889999866485596,0.0681999996304512,0.06599999964237213,0.15800000727176666,0.1293781579923013,0.4107143070966911,0,2024,"{""type"":""Point"",""coordinates"":[106.68637386365518,-6.621591159426046]}"
1_00000000000000000085,0.08015000075101852,0.04884999990463257,0.06764999777078629,0.07639999687671661,0.06949999928474426,0.11649999767541885,0.18484615924366812,0.25268816752045914,0,2024,"{""type"":""Point"",""coordinates"":[106.4979277940355,-6.506849571118775]}"
1_00000000000000000086,0.2025499939918518,0.13590000569820404,0.06319999694824219,0.07045000046491623,0.0608999989926815,0.23899999260902405,0.08255010694886507,0.5938646168849365,0,2024,"{""type"":""Point"",""coordinates"":[106.63277100989171,-6.388759197920368]}"
1_00000000000000000087,0.21604999899864197,0.19065000116825104,0.12349999696016312,0.1281999945640564,0.1307000070810318,0.2176000028848648,0.0035743200264973674,0.24949754038864863,0,2024,"{""type"":""Point"",""coordinates"":[106.76091219686458,-6.529466131661852]}"
1_00000000000000000088,0.2992999851703644,0.20604999363422394,0.12240000069141388,0.15770000219345093,0.18019999563694,0.2805500030517578,-0.03233591877115645,0.2177970867073589,0,2024,"{""type"":""Point"",""coordinates"":[106.92674616504223,-6.55375039599892]}"
1_00000000000000000089,0.26989999413490295,0.23499999940395355,0.1347000002861023,0.1550000011920929,0.1728000044822693,0.23669999837875366,-0.06553493139906492,0.1560439400489355,0,2024,"{""type"":""Point"",""coordinates"":[106.72908759264614,-6.460787057236679]}"
1_0000000000000000008a,0.2076999992132187,0.16740000247955322,0.09059999883174896,0.11479999870061874,0.11900000274181366,0.2092999964952469,0.003836923977205011,0.27505328651624195,0,2024,"{""type"":""Point"",""coordinates"":[106.85136506173373,-6.587256081314512]}"
1_0000000000000000008b,0.16189999878406525,0.11620000004768372,0.06589999794960022,0.07900000363588333,0.06970000267028809,0.22419999539852142,0.16135715501978098,0.525688988579241,0,2024,"{""type"":""Point"",""coordinates"":[106.96694496103905,-6.3636321634841995]}"
1_0000000000000000008c,0.19990000128746033,0.1289999932050705,0.06324999779462814,0.0771000012755394,0.0718500018119812,0.27480000257492065,0.15778386492108473,0.5854608342552438,0,2024,"{""type"":""Point"",""coordinates"":[106.7550484789793,-6.505177408223735]}"
1_0000000000000000008d,0.36489999294281006,0.27140000462532043,0.07180000096559525,0.11580000072717667,0.1542000025510788,0.2434999942779541,-0.19953977845960197,0.2245410923783951,0,2024,"{""type"":""Point"",""coordinates"":[107.12943014432555,-6.560452424882249]}"
1_0000000000000000008e,0.18060000240802765,0.17319999635219574,0.11900000274181366,0.13760000467300415,0.14900000393390656,0.17000000178813934,-0.03023388617519073,0.06583071309575682,0,2024,"{""type"":""Point"",""coordinates"":[106.6068056644575,-6.428957993917184]}"
1_0000000000000000008f,0.20600000023841858,0.1509000062942505,0.06080000102519989,0.07940000295639038,0.06960000097751617,0.22789999842643738,0.05047245507123023,0.532100832827153,0,2024,"{""type"":""Point"",""coordinates"":[106.85471830572594,-6.660956103525866]}"
1_00000000000000000090,0.14720000326633453,0.08709999918937683,0.065700002014637,0.08190000057220459,0.07280000299215317,0.18299999833106995,0.10841912444441616,0.4308052962035389,0,2024,"{""type"":""Point"",""coordinates"":[106.6964202183286,-6.4750249669003335]}"
1_00000000000000000091,0.2842000126838684,0.2434999942779541,0.1834000051021576,0.2003999948501587,0.2176000028848648,0.2721000015735626,-0.021750873270167555,0.1112926244486578,0,2024,"{""type"":""Point"",""coordinates"":[106.89156831683161,-6.688598070956175]}"
1_00000000000000000092,0.22910000383853912,0.1863500028848648,0.07590000331401825,0.08739999681711197,0.10019999742507935,0.21130000054836273,-0.04041780906645647,0.3566613285588386,0,2024,"{""type"":""Point"",""coordinates"":[106.68553555265714,-6.569664927658668]}"
1_00000000000000000093,0.19040000438690186,0.1289999932050705,0.056699998676776886,0.0723000019788742,0.05510000139474869,0.29899999499320984,0.2219043537880341,0.6887884667788581,0,2024,"{""type"":""Point"",""coordinates"":[106.80111545196245,-6.7070230765090155]}"
1_00000000000000000094,0.2032500058412552,0.14069999754428864,0.065700002014637,0.07684999704360962,0.06480000168085098,0.24605000019073486,0.09525927837720155,0.5830786469956639,0,2024,"{""type"":""Point"",""coordinates"":[106.69474805543356,-6.541189108331362]}"
1_00000000000000000095,0.18129999935626984,0.13494999706745148,0.06984999775886536,0.09049999713897705,0.07925000041723251,0.2046000063419342,0.06037835356728735,0.44160649265390095,0,2024,"{""type"":""Point"",""coordinates"":[106.75337631608427,-6.586417770316464]}"
2_00000000000000000000,0.17069999873638153,0.0734499990940094,0.01655000075697899,0.030549999326467514,0.015250000171363354,0.2667500078678131,0.21956796818233393,0.8918439734991442,1,2025,"{""type"":""Point"",""coordinates"":[106.70975865153703,-6.688478216468162]}"
2_00000000000000000001,0.19130000472068787,0.08910000324249268,0.03400000184774399,0.06080000102519989,0.035999998450279236,0.3400000035762787,0.27987953422443007,0.8085106475731537,1,2025,"{""type"":""Point"",""coordinates"":[106.59942234155852,-6.734083613633092]}"
2_00000000000000000002,0.12800000607967377,0.05469999834895134,0.025200000032782555,0.03629999980330467,0.02319999970495701,0.2199999988079071,0.2643677914830873,0.8092105275754774,1,2025,"{""type"":""Point"",""coordinates"":[106.59530246851163,-6.674753967698693]}"
2_00000000000000000003,0.16584999859333038,0.0729999989271164,0.025200000032782555,0.042750000953674316,0.022600000724196434,0.24085000157356262,0.18441112109529215,0.8284304382077534,1,2025,"{""type"":""Point"",""coordinates"":[106.60255144355372,-6.6338165692795155]}"
2_00000000000000000004,0.15440000593662262,0.06390000134706497,0.026100000366568565,0.03674999997019768,0.021199999377131462,0.2781499922275543,0.2860940626890528,0.8583597797114512,1,2025,"{""type"":""Point"",""coordinates"":[106.51446892287265,-6.639515831240812]}"
2_00000000000000000005,0.20250000059604645,0.09260000288486481,0.03180000185966492,0.0697999969124794,0.030300000682473183,0.39719998836517334,0.3246623167467114,0.8582456072105483,1,2025,"{""type"":""Point"",""coordinates"":[106.46135089901563,-6.586135844934193]}"
2_00000000000000000006,0.15399999916553497,0.06300000101327896,0.041600000113248825,0.041600000113248825,0.024800000712275505,0.29350000619888306,0.31173185555550414,0.8441721635325161,1,2025,"{""type"":""Point"",""coordinates"":[106.4830951005885,-6.544288303431352]}"
2_00000000000000000007,0.1911499947309494,0.0840499997138977,0.03164999932050705,0.047850001603364944,0.0251499991863966,0.2896000146865845,0.20478422886546574,0.8401906396957555,1,2025,"{""type"":""Point"",""coordinates"":[106.49206572194917,-6.477842249339808]}"
2_00000000000000000008,0.24244999885559082,0.11574999988079071,0.04129999876022339,0.06925000250339508,0.03894999995827675,0.39125001430511475,0.23481144446779176,0.8189214380898209,1,2025,"{""type"":""Point"",""coordinates"":[106.45756178518161,-6.501891399082898]}"
2_00000000000000000009,0.18404999375343323,0.07765000313520432,0.03085000067949295,0.049400001764297485,0.02500000037252903,0.3605000078678131,0.3240290397374878,0.8702983147178422,1,2025,"{""type"":""Point"",""coordinates"":[106.56778224707438,-6.477590716161674]}"
2_0000000000000000000a,0.2671000063419342,0.1671999990940094,0.06239999830722809,0.08919999748468399,0.11100000143051147,0.2363000065088272,-0.061183947252377205,0.3607831909413642,1,2025,"{""type"":""Point"",""coordinates"":[106.4879597067912,-6.397275303187772]}"
2_0000000000000000000b,0.22689999639987946,0.11259999871253967,0.04340000078082085,0.0640999972820282,0.05460000038146973,0.32989999651908875,0.184985634750536,0.7159947941659376,1,2025,"{""type"":""Point"",""coordinates"":[106.44950755835369,-6.361620233543747]}"
2_0000000000000000000c,0.20990000665187836,0.10795000195503235,0.04845000058412552,0.07259999960660934,0.05465000122785568,0.28404998779296875,0.15011637205184694,0.677295524066311,1,2025,"{""type"":""Point"",""coordinates"":[106.66748940317481,-6.40395217490551]}"
2_0000000000000000000d,0.1185000017285347,0.05795000120997429,0.03415000066161156,0.0434500016272068,0.031050000339746475,0.2309499979019165,0.32179137585434087,0.7629770950524462,1,2025,"{""type"":""Point"",""coordinates"":[106.73702334715733,-6.514452871663781]}"
2_0000000000000000000e,0.27790001034736633,0.1302500069141388,0.07900000363588333,0.09759999811649323,0.06235000118613243,0.4805000126361847,0.2671413451331245,0.7702864526165767,1,2025,"{""type"":""Point"",""coordinates"":[106.6791306801919,-6.553501672609977]}"
2_0000000000000000000f,0.18559999763965607,0.08295000344514847,0.01964999921619892,0.046549998223781586,0.01954999938607216,0.328000009059906,0.27725858559723293,0.8874982079644465,1,2025,"{""type"":""Point"",""coordinates"":[106.51517146973856,-6.726567839938388]}"
2_00000000000000000010,0.11190000176429749,0.04600000008940697,0.016499999910593033,0.027899999171495438,0.014700000174343586,0.21299999952316284,0.3111726603824035,0.8708827387450843,1,2025,"{""type"":""Point"",""coordinates"":[106.47156679993017,-6.6826442646857345]}"
2_00000000000000000011,0.156700000166893,0.06355000287294388,0.017550000920891762,0.03564999997615814,0.01590000092983246,0.2966499924659729,0.30870187398991505,0.8982562708955357,1,2025,"{""type"":""Point"",""coordinates"":[106.45309520171155,-6.618187388388756]}"
2_00000000000000000012,0.1842000037431717,0.08510000258684158,0.033799998462200165,0.05719999969005585,0.0348999984562397,0.3100999891757965,0.2547035954606293,0.7976811611166624,1,2025,"{""type"":""Point"",""coordinates"":[106.83515296066443,-6.752964919078375]}"
2_00000000000000000013,0.17790000140666962,0.07599999755620956,0.025200000032782555,0.029999999329447746,0.018799999728798866,0.2653999924659729,0.1973832444591495,0.8676988019344167,1,2025,"{""type"":""Point"",""coordinates"":[106.9067357548539,-6.7190401114430465]}"
2_00000000000000000014,0.13130000233650208,0.05770000070333481,0.0272000003606081,0.03889999911189079,0.023900000378489494,0.2578999996185303,0.32528262242058104,0.8303761506121913,1,2025,"{""type"":""Point"",""coordinates"":[106.96595027939468,-6.721994871695144]}"
2_00000000000000000015,0.22179999947547913,0.11159999668598175,0.050599999725818634,0.058800000697374344,0.045499999076128006,0.32850000262260437,0.19389424448540601,0.7566844980242564,1,2025,"{""type"":""Point"",""coordinates"":[106.97667882913042,-6.665246449521596]}"
2_00000000000000000016,0.20980000495910645,0.09480000287294388,0.051600001752376556,0.07419999688863754,0.0421999990940094,0.38510000705718994,0.29467137091481754,0.8024806998056676,1,2025,"{""type"":""Point"",""coordinates"":[106.91707087149278,-6.623122008579659]}"
2_00000000000000000017,0.23919999599456787,0.11334999650716782,0.05169999971985817,0.07410000264644623,0.04479999840259552,0.35234999656677246,0.1912771566140652,0.7743925520832454,1,2025,"{""type"":""Point"",""coordinates"":[106.90763819514866,-6.595396309253598]}"
2_00000000000000000018,0.2289000004529953,0.11710000038146973,0.03480000048875809,0.062300000339746475,0.03310000151395798,0.3605000078678131,0.2232779191668901,0.8318089394055236,1,2025,"{""type"":""Point"",""coordinates"":[106.88690754275953,-6.558570420628401]}"
2_00000000000000000019,0.19374999403953552,0.07919999957084656,0.03020000085234642,0.04774999991059303,0.024450000375509262,0.3799000084400177,0.32450102605397824,0.8790651670955503,1,2025,"{""type"":""Point"",""coordinates"":[106.96195091240135,-6.51358161917236]}"
2_0000000000000000001a,0.2528499960899353,0.14820000529289246,0.0617000013589859,0.08420000225305557,0.06859999895095825,0.30959999561309814,0.10089785822794736,0.637228979709362,1,2025,"{""type"":""Point"",""coordinates"":[106.77703837908352,-6.494147920008344]}"
2_0000000000000000001b,0.18289999663829803,0.09790000319480896,0.03779999911785126,0.0551999993622303,0.03539999946951866,0.25920000672340393,0.17258540942077627,0.7596741430729196,1,2025,"{""type"":""Point"",""coordinates"":[107.01506979919381,-6.479801584822769]}"
2_0000000000000000001c,0.20819999277591705,0.09570000320672989,0.03779999911785126,0.07360000163316727,0.03500000014901161,0.3619999885559082,0.26972992075650026,0.8236775760967276,1,2025,"{""type"":""Point"",""coordinates"":[106.98232001577378,-6.434842555492738]}"
2_0000000000000000001d,0.22460000216960907,0.11800000071525574,0.040699999779462814,0.06859999895095825,0.03920000046491623,0.36880001425743103,0.24300641741817627,0.8078431419097244,1,2025,"{""type"":""Point"",""coordinates"":[106.94747275625231,-6.37903042647782]}"
2_0000000000000000001e,0.12300000339746475,0.06069999933242798,0.041200000792741776,0.05339999869465828,0.03370000049471855,0.26260000467300415,0.3620331907514569,0.7725278440299559,1,2025,"{""type"":""Point"",""coordinates"":[107.0580402993411,-6.506540039953184]}"
2_0000000000000000001f,0.19200000166893005,0.09390000253915787,0.03610000014305115,0.05469999834895134,0.03840000182390213,0.2800999879837036,0.1866129808212803,0.7588696825573014,1,2025,"{""type"":""Point"",""coordinates"":[107.12233046243547,-6.528802605159886]}"
2_00000000000000000020,0.2160000056028366,0.09960000216960907,0.032749999314546585,0.05714999884366989,0.031150000169873238,0.3760499954223633,0.27033187998037744,0.8470039267826204,1,2025,"{""type"":""Point"",""coordinates"":[107.11925227619497,-6.4666067767981215]}"
2_00000000000000000021,0.14180000126361847,0.05920000001788139,0.03359999880194664,0.048500001430511475,0.029899999499320984,0.2791999876499176,0.32636577198228384,0.806535097105101,1,2025,"{""type"":""Point"",""coordinates"":[107.16383355490962,-6.576036516107742]}"
2_00000000000000000022,0.15209999680519104,0.06920000165700912,0.031599998474121094,0.04800000041723251,0.027699999511241913,0.30649998784065247,0.3366768342888143,0.8342309960528196,1,2025,"{""type"":""Point"",""coordinates"":[107.14774948804774,-6.637228760987465]}"
2_00000000000000000023,0.1679999977350235,0.07284999638795853,0.024650000035762787,0.040800001472234726,0.020349999889731407,0.33500000834465027,0.3320079693660569,0.8854650377477467,1,2025,"{""type"":""Point"",""coordinates"":[107.06745553656884,-6.631586131090373]}"
2_00000000000000000024,0.1193000003695488,0.052400000393390656,0.03894999995827675,0.042750000953674316,0.022350000217556953,0.196150004863739,0.24362023528056873,0.795423343727234,1,2025,"{""type"":""Point"",""coordinates"":[107.2033050325187,-6.603767520986429]}"
2_00000000000000000025,0.21799999475479126,0.1298999935388565,0.04479999840259552,0.05990000069141388,0.07615000009536743,0.18459999561309814,-0.08296075494480944,0.4159156176515701,1,2025,"{""type"":""Point"",""coordinates"":[107.04877924183143,-6.574217422407107]}"
2_00000000000000000026,0.18170000612735748,0.07530000060796738,0.03849999979138374,0.053599998354911804,0.02710000053048134,0.36809998750686646,0.3390323454669206,0.8628542441761395,1,2025,"{""type"":""Point"",""coordinates"":[107.0066892987333,-6.534613496514635]}"
2_00000000000000000027,0.15970000624656677,0.06800000369548798,0.021199999377131462,0.0348999984562397,0.017000000923871994,0.25949999690055847,0.23807249500178373,0.8770343503968742,1,2025,"{""type"":""Point"",""coordinates"":[106.59189572341542,-6.535172053575484]}"
2_00000000000000000028,0.15929999947547913,0.07050000131130219,0.03720000013709068,0.06360000371932983,0.040800001472234726,0.3547999858856201,0.380276195247941,0.7937310274212545,1,2025,"{""type"":""Point"",""coordinates"":[106.56923642165764,-6.408269872620732]}"
2_00000000000000000029,0.19439999759197235,0.08919999748468399,0.03999999910593033,0.06499999761581421,0.03350000083446503,0.3677000105381012,0.30830814879836493,0.8330009975829441,1,2025,"{""type"":""Point"",""coordinates"":[106.97214027368058,-6.6010162663135485]}"
2_0000000000000000002a,0.19885000586509705,0.10589999705553055,0.04284999892115593,0.06700000166893005,0.052299998700618744,0.21060000360012054,0.028697026409573573,0.6021301008526337,1,2025,"{""type"":""Point"",""coordinates"":[106.62112750547615,-6.585190405565999]}"
2_0000000000000000002b,0.12880000472068787,0.0515500009059906,0.027650000527501106,0.04580000042915344,0.02305000089108944,0.28200000524520874,0.372930858831379,0.8488772304381429,1,2025,"{""type"":""Point"",""coordinates"":[106.62721053813543,-6.489263896861182]}"
2_0000000000000000002c,0.16940000653266907,0.10859999805688858,0.05779999867081642,0.07169999927282333,0.06400000303983688,0.20759999752044678,0.10132623495249533,0.5287186825639818,1,2025,"{""type"":""Point"",""coordinates"":[106.77377538675003,-6.705675383850086]}"
2_0000000000000000002d,0.16930000483989716,0.0754999965429306,0.030799999833106995,0.04969999939203262,0.025299999862909317,0.32409998774528503,0.3137413563674967,0.855180304749868,1,2025,"{""type"":""Point"",""coordinates"":[106.89710719045702,-6.634998881219021]}"
2_0000000000000000002e,0.1655000001192093,0.07100000232458115,0.028999999165534973,0.04475000128149986,0.0251499991863966,0.2976999878883362,0.2854058531775553,0.8442000917251087,1,2025,"{""type"":""Point"",""coordinates"":[107.07899666128208,-6.5426330795556895]}"
2_0000000000000000002f,0.1834000051021576,0.0803999975323677,0.04230000078678131,0.05939999967813492,0.03359999880194664,0.35519999265670776,0.3189750989034837,0.827160496192965,1,2025,"{""type"":""Point"",""coordinates"":[106.86971985180298,-6.521126697361933]}"
2_00000000000000000030,0.19760000705718994,0.08780000358819962,0.0348999984562397,0.054499998688697815,0.029400000348687172,0.365200012922287,0.29779673048200805,0.8509883458696287,1,2025,"{""type"":""Point"",""coordinates"":[107.10147702376157,-6.5799392126699265]}"
2_00000000000000000031,0.17990000545978546,0.07554999738931656,0.03610000014305115,0.055149998515844345,0.031300000846385956,0.3609499931335449,0.33475083321557414,0.8404078963581201,1,2025,"{""type"":""Point"",""coordinates"":[106.5327420282673,-6.492667393239941]}"
2_00000000000000000032,0.1738000065088272,0.09309999644756317,0.04830000177025795,0.07000000029802322,0.05559999868273735,0.2401999980211258,0.16038645117332245,0.6240703224996945,1,2025,"{""type"":""Point"",""coordinates"":[106.52227068427312,-6.373431643328022]}"
2_00000000000000000033,0.2097499966621399,0.09390000253915787,0.049150001257658005,0.06809999793767929,0.03709999844431877,0.40220001339912415,0.31448649983307875,0.8310949353785112,1,2025,"{""type"":""Point"",""coordinates"":[106.54555632760746,-6.668956348467794]}"
2_00000000000000000034,0.17775000631809235,0.07895000278949738,0.035750001668930054,0.04699999839067459,0.025350000709295273,0.3607499897480011,0.3398328407925337,0.868686861767229,1,2025,"{""type"":""Point"",""coordinates"":[106.67385289759096,-6.627529065378242]}"
2_00000000000000000035,0.1890999972820282,0.08219999819993973,0.037300001829862595,0.058800000697374344,0.02969999983906746,0.3831999897956848,0.33915777895570637,0.8561394982579689,1,2025,"{""type"":""Point"",""coordinates"":[107.12790415132926,-6.661269255192172]}"
2_00000000000000000036,0.18219999969005585,0.08179999887943268,0.028599999845027924,0.04839999973773956,0.023600000888109207,0.34709998965263367,0.31154353539163804,0.8726733127039809,1,2025,"{""type"":""Point"",""coordinates"":[107.04070017183709,-6.6528353655859025]}"
2_00000000000000000037,0.14659999310970306,0.06199999898672104,0.0348999984562397,0.04910000041127205,0.026100000366568565,0.2639999985694885,0.285923058545778,0.8200620443826927,1,2025,"{""type"":""Point"",""coordinates"":[107.00069888069781,-6.504580720258791]}"
2_00000000000000000038,0.20990000665187836,0.09189999848604202,0.036400001496076584,0.05939999967813492,0.03420000150799751,0.38199999928474426,0.290758558720632,0.8356559277133286,1,2025,"{""type"":""Point"",""coordinates"":[107.15402727388823,-6.5086825403288815]}"
2_00000000000000000039,0.16030000150203705,0.06889999657869339,0.0406000018119812,0.05900000035762787,0.03500000014901161,0.3343000113964081,0.35179944471634694,0.8104522119967115,1,2025,"{""type"":""Point"",""coordinates"":[107.09981371941034,-6.512083258283427]}"
2_0000000000000000003a,0.19499999284744263,0.0812000036239624,0.02865000069141388,0.04769999906420708,0.02484999969601631,0.3735499978065491,0.3140445130492816,0.8752510047600776,1,2025,"{""type"":""Point"",""coordinates"":[106.55015399040643,-6.565037415499577]}"
2_0000000000000000003b,0.21629999577999115,0.09724999964237213,0.03799999877810478,0.05770000070333481,0.032600000500679016,0.3799999952316284,0.2745262483970881,0.8419776983137455,1,2025,"{""type"":""Point"",""coordinates"":[106.51435129669989,-6.422155684410856]}"
2_0000000000000000003c,0.18790000677108765,0.07880000025033951,0.04019999876618385,0.06499999761581421,0.033900000154972076,0.45159998536109924,0.41235337268855493,0.8603501496753396,1,2025,"{""type"":""Point"",""coordinates"":[107.09684035076558,-6.618946448282695]}"
2_0000000000000000003d,0.19030000269412994,0.08669999986886978,0.041999999433755875,0.06260000169277191,0.035599999129772186,0.2996000051498413,0.22310675792134796,0.7875895067108903,1,2025,"{""type"":""Point"",""coordinates"":[106.98011061443748,-6.561990427118487]}"
2_0000000000000000003e,0.14880000054836273,0.06265000253915787,0.024450000375509262,0.037300001829862595,0.020150000229477882,0.2854500114917755,0.3146805000682005,0.8681282758074154,1,2025,"{""type"":""Point"",""coordinates"":[106.88821630909932,-6.747462366886197]}"
2_0000000000000000003f,0.16130000352859497,0.06800000369548798,0.03889999911189079,0.06419999897480011,0.03180000185966492,0.37279999256134033,0.39599324205411823,0.8428076999597013,1,2025,"{""type"":""Point"",""coordinates"":[106.90182497061859,-6.668033609448172]}"
2_00000000000000000040,0.17299999296665192,0.08259999752044678,0.027699999511241913,0.044599998742341995,0.023099999874830246,0.26969999074935913,0.21843234998793132,0.8422131105565557,1,2025,"{""type"":""Point"",""coordinates"":[107.19649673557507,-6.640861719174228]}"
2_00000000000000000041,0.1420000046491623,0.05909999832510948,0.03519999980926514,0.04749999940395355,0.02759999968111515,0.3231000006198883,0.3893786151775325,0.8426005152128528,1,2025,"{""type"":""Point"",""coordinates"":[107.17431903487052,-6.549802190384969]}"
2_00000000000000000042,0.17384999990463257,0.07569999992847443,0.03840000182390213,0.05649999901652336,0.03139999881386757,0.3409000039100647,0.32452647453610856,0.8313188365074965,1,2025,"{""type"":""Point"",""coordinates"":[107.03282011660487,-6.517694442546429]}"
2_00000000000000000043,0.18250000476837158,0.07909999787807465,0.037300001829862595,0.054999999701976776,0.028599999845027924,0.30880001187324524,0.25707307719674743,0.83046829370647,1,2025,"{""type"":""Point"",""coordinates"":[106.9518812714733,-6.531452330630226]}"
2_00000000000000000044,0.22519999742507935,0.1136000007390976,0.032099999487400055,0.05570000037550926,0.03220000118017197,0.30730000138282776,0.15417841153341483,0.8103092728301424,1,2025,"{""type"":""Point"",""coordinates"":[106.9180538935936,-6.545720842262364]}"
2_00000000000000000045,0.2102999985218048,0.10300000011920929,0.03999999910593033,0.05939999967813492,0.034699998795986176,0.3352000117301941,0.22896427288918023,0.8123817366394467,1,2025,"{""type"":""Point"",""coordinates"":[106.86538648654562,-6.4605610314788136]}"
2_00000000000000000046,0.2289000004529953,0.12290000170469284,0.049400001764297485,0.07320000231266022,0.054499998688697815,0.2973000109195709,0.12998861457292188,0.6901648823183156,1,2025,"{""type"":""Point"",""coordinates"":[106.92521910142328,-6.482316368549179]}"
2_00000000000000000047,0.20669999718666077,0.0997999981045723,0.03610000014305115,0.051100000739097595,0.0333000011742115,0.2996000051498413,0.18348806544432214,0.7999399186445405,1,2025,"{""type"":""Point"",""coordinates"":[106.96715850869596,-6.483397930787015]}"
2_00000000000000000048,0.18320000171661377,0.08630000054836273,0.03500000014901161,0.0640999972820282,0.029100000858306885,0.3619999885559082,0.32795302646634317,0.8511889458146367,1,2025,"{""type"":""Point"",""coordinates"":[106.98658005618171,-6.41633852218696]}"
2_00000000000000000049,0.14824999868869781,0.06650000065565109,0.033799998462200165,0.04884999990463257,0.033649999648332596,0.250900000333786,0.2571714941662971,0.7634862087475157,1,2025,"{""type"":""Point"",""coordinates"":[106.70769369357453,-6.515495066382209]}"
2_0000000000000000004a,0.17299999296665192,0.0812000036239624,0.023600000888109207,0.04165000095963478,0.02370000071823597,0.2736999988555908,0.2254309552998848,0.8406186903012912,1,2025,"{""type"":""Point"",""coordinates"":[106.59579301305953,-6.501403681086234]}"
2_0000000000000000004b,0.022299999371170998,0.01489999983459711,0.042899999767541885,0.044199999421834946,0.031099999323487282,0.03519999980926514,0.2243478369036786,0.061840128799525745,0,2025,"{""type"":""Point"",""coordinates"":[106.61793258764565,-6.387792558784548]}"
2_0000000000000000004c,0.5157999992370605,0.5839999914169312,0.30320000648498535,0.3199999928474426,0.3140000104904175,0.34209999442100525,-0.20247115759425813,0.04282881225459132,0,2025,"{""type"":""Point"",""coordinates"":[106.6595870749109,-6.375736887105333]}"
2_0000000000000000004d,0.3059000074863434,0.3003999888896942,0.22360000014305115,0.2529999911785126,0.2596000134944916,0.2619999945163727,-0.07730236452748022,0.004601190538768387,0,2025,"{""type"":""Point"",""coordinates"":[106.54375650954665,-6.3694453126998765]}"
2_0000000000000000004e,0.2110999971628189,0.10170000046491623,0.11299999803304672,0.164000004529953,0.22339999675750732,0.2732999920845032,0.1284062681717496,0.10046304901945137,0,2025,"{""type"":""Point"",""coordinates"":[106.43483781110947,-6.3417788871368606]}"
2_0000000000000000004f,0.18850000202655792,0.15790000557899475,0.14480000734329224,0.15559999644756317,0.18160000443458557,0.20999999344348907,0.053952300279379015,0.07252295496116394,0,2025,"{""type"":""Point"",""coordinates"":[106.45844125044054,-6.341437665173453]}"
2_00000000000000000050,0.4984999895095825,0.46540001034736633,0.3612000048160553,0.4016000032424927,0.40799999237060547,0.37439998984336853,-0.14216978187833706,-0.042944789482431085,0,2025,"{""type"":""Point"",""coordinates"":[106.45307966814072,-6.402089663277771]}"
2_00000000000000000051,0.4235999882221222,0.44110000133514404,0.29679998755455017,0.295199990272522,0.31679999828338623,0.30219998955726624,-0.16726371229203355,-0.023586444285808996,0,2025,"{""type"":""Point"",""coordinates"":[106.4384884510997,-6.38955108039211]}"
2_00000000000000000052,0.023250000551342964,0.013050000183284283,0.060750000178813934,0.0851999968290329,0.05999999865889549,0.03725000098347664,0.23140495994989763,-0.23393313891084694,0,2025,"{""type"":""Point"",""coordinates"":[106.50406288677267,-6.437221506688426]}"
2_00000000000000000053,0.041450001299381256,0.033399999141693115,0.1273999959230423,0.1582999974489212,0.14409999549388885,0.06530000269412994,0.22341920845453467,-0.37631324489795337,0,2025,"{""type"":""Point"",""coordinates"":[106.55204224163107,-6.42093094132033]}"
2_00000000000000000054,0.21639999747276306,0.21185000240802765,0.1386999934911728,0.15399999916553497,0.16060000658035278,0.17820000648498535,-0.09680686924642797,0.051948049663263676,0,2025,"{""type"":""Point"",""coordinates"":[106.56571105790968,-6.438552987784199]}"
2_00000000000000000055,0.3343000113964081,0.22020000219345093,0.0737999975681305,0.11159999668598175,0.18240000307559967,0.2264000028371811,-0.19243803427883552,0.10763209179348449,0,2025,"{""type"":""Point"",""coordinates"":[106.53918574781589,-6.39726257536496]}"
2_00000000000000000056,0.01080000028014183,0.00800000037997961,0.03269999846816063,0.030750000849366188,0.017400000244379044,0.011599999852478504,0.03571426641072481,-0.20000001284582858,0,2025,"{""type"":""Point"",""coordinates"":[106.51383817213996,-6.476319242843751]}"
2_00000000000000000057,0.28995001316070557,0.25519999861717224,0.09679999947547913,0.1168999969959259,0.14720000326633453,0.18504999577999115,-0.2208421376973302,0.11392021857727434,0,2025,"{""type"":""Point"",""coordinates"":[106.51982048613132,-6.487318397539764]}"
2_00000000000000000058,0.2895500063896179,0.1424500048160553,0.06830000132322311,0.10719999670982361,0.19290000200271606,0.24549999833106995,-0.08232876865694712,0.11998174335836144,0,2025,"{""type"":""Point"",""coordinates"":[106.4339809009592,-6.517730165836507]}"
2_00000000000000000059,0.3131999969482422,0.27630001306533813,0.06499999761581421,0.08579999953508377,0.13339999318122864,0.1923999935388565,-0.23892406187153223,0.18109270338405017,0,2025,"{""type"":""Point"",""coordinates"":[106.44568640754511,-6.532579652467928]}"
2_0000000000000000005a,0.3140000104904175,0.27410000562667847,0.08749999850988388,0.11599999666213989,0.16859999299049377,0.226500004529953,-0.16188714806449497,0.14654520856194855,0,2025,"{""type"":""Point"",""coordinates"":[106.47422097355857,-6.574610833291456]}"
2_0000000000000000005b,0.23340000212192535,0.19644999504089355,0.05550000071525574,0.08380000293254852,0.13580000400543213,0.16380000114440918,-0.17522658712277825,0.09345793276930417,0,2025,"{""type"":""Point"",""coordinates"":[106.4493434961861,-6.593837569401502]}"
2_0000000000000000005c,0.3736000061035156,0.28279998898506165,0.12849999964237213,0.14139999449253082,0.2054000049829483,0.23989999294281006,-0.21792993214105907,0.07747583229410589,0,2025,"{""type"":""Point"",""coordinates"":[106.47518703193735,-6.61296578406934]}"
2_0000000000000000005d,0.30755001306533813,0.27880001068115234,0.061500001698732376,0.08500000089406967,0.12600000202655792,0.1818999946117401,-0.25671675652827336,0.18155242999515217,0,2025,"{""type"":""Point"",""coordinates"":[106.51127335591192,-6.66326756624187]}"
2_0000000000000000005e,0.304500013589859,0.2662000060081482,0.24400000274181366,0.2630000114440918,0.2766000032424927,0.27219998836517334,-0.05600836676814201,-0.008017519942793441,0,2025,"{""type"":""Point"",""coordinates"":[106.5223534036402,-6.733131783113365]}"
2_0000000000000000005f,0.17710000276565552,0.14820000529289246,0.10090000182390213,0.10939999669790268,0.10935000330209732,0.13019999861717224,-0.15261960279022665,0.08703817636412105,0,2025,"{""type"":""Point"",""coordinates"":[106.6473092410478,-6.741514476447557]}"
2_00000000000000000060,0.2810499966144562,0.2732999920845032,0.11699999868869781,0.1306000053882599,0.15440000593662262,0.20235000550746918,-0.16280511121540486,0.13440784311890921,0,2025,"{""type"":""Point"",""coordinates"":[106.64849730704894,-6.682929958167181]}"
2_00000000000000000061,0.250900000333786,0.2354000061750412,0.1018500030040741,0.11389999836683273,0.12060000002384186,0.1805499941110611,-0.16305483168042517,0.19907021502502198,0,2025,"{""type"":""Point"",""coordinates"":[106.66321831285109,-6.670154747000265]}"
2_00000000000000000062,0.01655000075697899,0.009200000204145908,0.05665000155568123,0.0775500014424324,0.042399998754262924,0.022849999368190765,0.15989844140094742,-0.2996168574500641,0,2025,"{""type"":""Point"",""coordinates"":[106.63712235390469,-6.625159599363952]}"
2_00000000000000000063,0.2370000034570694,0.23675000667572021,0.13920000195503235,0.15600000321865082,0.16680000722408295,0.19795000553131104,-0.08978042790844401,0.08540095193394188,0,2025,"{""type"":""Point"",""coordinates"":[106.70542773874854,-6.553702530631818]}"
2_00000000000000000064,0.06315000355243683,0.03700000047683716,0.06909999996423721,0.09520000219345093,0.07365000247955322,0.124549999833107,0.3271177153606756,0.25681128536648096,0,2025,"{""type"":""Point"",""coordinates"":[106.68908078836826,-6.452340723612724]}"
2_00000000000000000065,0.02459999918937683,0.01640000008046627,0.07050000131130219,0.09809999912977219,0.0812000036239624,0.046300001442432404,0.30606490916334184,-0.27372549642924365,0,2025,"{""type"":""Point"",""coordinates"":[106.65268857645422,-6.440570979732461]}"
2_00000000000000000066,0.7795000076293945,0.8366000056266785,0.6248000264167786,0.66839998960495,0.6664000153541565,0.6656000018119812,-0.07881807838437634,-6.00610759658503E-4,0,2025,"{""type"":""Point"",""coordinates"":[106.82639905675312,-6.735005067084914]}"
2_00000000000000000067,0.3779999911785126,0.4309000074863434,0.1738000065088272,0.1858000010251999,0.19820000231266022,0.18970000743865967,-0.33168924466887795,-0.02191285037463608,0,2025,"{""type"":""Point"",""coordinates"":[106.84775751319134,-6.6830016649219806]}"
2_00000000000000000068,0.21819999814033508,0.20520000159740448,0.07840000092983246,0.08860000222921371,0.10109999775886536,0.14579999446868896,-0.19890111302670183,0.1810449498460334,0,2025,"{""type"":""Point"",""coordinates"":[106.80994909491743,-6.695575507602977]}"
2_00000000000000000069,0.35304999351501465,0.2689499855041504,0.2992999851703644,0.33379998803138733,0.34299999475479126,0.3452000021934509,-0.011242379333778415,0.003196755955267935,0,2025,"{""type"":""Point"",""coordinates"":[106.80096120037166,-6.6568075029612785]}"
2_0000000000000000006a,0.2718000113964081,0.2770499885082245,0.1043500006198883,0.11800000071525574,0.12240000069141388,0.15805000066757202,-0.26462721306590353,0.12711713247783116,0,2025,"{""type"":""Point"",""coordinates"":[106.78085472237443,-6.620074150701357]}"
2_0000000000000000006b,0.21289999783039093,0.19840000569820404,0.0989999994635582,0.10480000078678131,0.12559999525547028,0.15209999680519104,-0.1665753477226841,0.09542672779022641,0,2025,"{""type"":""Point"",""coordinates"":[106.7596174849423,-6.592298538418683]}"
2_0000000000000000006c,0.11270000040531158,0.10599999874830246,0.08699999749660492,0.09709999710321426,0.09780000150203705,0.12300000339746475,0.043699630148380346,0.11413044083444476,0,2025,"{""type"":""Point"",""coordinates"":[106.7453267112513,-6.535698058041153]}"
2_0000000000000000006d,0.02319999970495701,0.016699999570846558,0.04800000041723251,0.050999999046325684,0.03790000081062317,0.03610000014305115,0.2175379506097493,-0.024324333032088242,0,2025,"{""type"":""Point"",""coordinates"":[106.75784520352623,-6.522853482511849]}"
2_0000000000000000006e,0.022600000724196434,0.015300000086426735,0.04540000110864639,0.04910000041127205,0.03620000183582306,0.03579999879002571,0.22602736602103365,-0.0055555978100053326,0,2025,"{""type"":""Point"",""coordinates"":[106.76598461696989,-6.493731786498754]}"
2_0000000000000000006f,0.16140000522136688,0.13989999890327454,0.11739999800920486,0.11219999939203262,0.131400004029274,0.15559999644756317,-0.018296557549741438,0.0843205309340837,0,2025,"{""type"":""Point"",""coordinates"":[106.81640158273403,-6.460673448464832]}"
2_00000000000000000070,0.23725000023841858,0.22495000064373016,0.1185000017285347,0.12610000371932983,0.13079999387264252,0.18565000593662262,-0.12201464542054977,0.1733291581514932,0,2025,"{""type"":""Point"",""coordinates"":[106.7726500944279,-6.454708640429619]}"
2_00000000000000000071,0.219200000166893,0.1854500025510788,0.0917000025510788,0.10540000349283218,0.12039999663829803,0.16269999742507935,-0.1479444961981359,0.14941717299122106,0,2025,"{""type"":""Point"",""coordinates"":[106.71622472770605,-6.448754188304464]}"
2_00000000000000000072,0.39239999651908875,0.412200003862381,0.17299999296665192,0.1881999969482422,0.19979999959468842,0.22360000014305115,-0.27402596962775644,0.05621162154724803,0,2025,"{""type"":""Point"",""coordinates"":[106.87822101949017,-6.479384121805141]}"
2_00000000000000000073,0.41449999809265137,0.353300005197525,0.29739999771118164,0.3287999927997589,0.3580000102519989,0.357699990272522,-0.07355608479142928,-4.191979590010488E-4,0,2025,"{""type"":""Point"",""coordinates"":[106.94358295819902,-6.513530858853594]}"
2_00000000000000000074,0.013299999758601189,0.008299999870359898,0.03920000046491623,0.03610000014305115,0.02239999920129776,0.020500000566244125,0.21301777332677843,-0.04428901271209732,0,2025,"{""type"":""Point"",""coordinates"":[106.99003941135302,-6.431115953727185]}"
2_00000000000000000075,0.4909999966621399,0.5703999996185303,0.17839999496936798,0.13899999856948853,0.13019999861717224,0.20640000700950623,-0.4080871639723,0.2263814828239993,0,2025,"{""type"":""Point"",""coordinates"":[106.96859863687595,-6.414915517550954]}"
2_00000000000000000076,0.23090000450611115,0.2599000036716461,0.12559999525547028,0.13660000264644623,0.1469999998807907,0.15219999849796295,-0.2054294058758106,0.01737967461680807,0,2025,"{""type"":""Point"",""coordinates"":[106.95864227701267,-6.386394105662645]}"
2_00000000000000000077,0.9165999889373779,0.9951000213623047,0.4528000056743622,0.4731999933719635,0.5604000091552734,0.6019999980926514,-0.2071644893531173,0.03578801503612275,0,2025,"{""type"":""Point"",""coordinates"":[106.970302386129,-6.35325843455946]}"
2_00000000000000000078,0.018149999901652336,0.01140000019222498,0.03460000082850456,0.04125000163912773,0.029750000685453415,0.02280000038444996,0.11355312454969019,-0.1322549982778951,0,2025,"{""type"":""Point"",""coordinates"":[106.9952187207403,-6.688620386745062]}"
2_00000000000000000079,0.2709999978542328,0.2687999904155731,0.11219999939203262,0.11819999665021896,0.13019999861717224,0.18690000474452972,-0.1836645394898505,0.17880796444736172,0,2025,"{""type"":""Point"",""coordinates"":[106.97030540370852,-6.694816685883383]}"
2_0000000000000000007a,0.20919999480247498,0.1371999979019165,0.12860000133514404,0.13660000264644623,0.12479999661445618,0.19990000128746033,-0.02273281252481402,0.2312904378142002,0,2025,"{""type"":""Point"",""coordinates"":[106.95498666981409,-6.7068576320953]}"
2_0000000000000000007b,0.38690000772476196,0.43130001425743103,0.2176000028848648,0.23479999601840973,0.2603999972343445,0.2727999985218048,-0.17295741719352295,0.023255816553178058,0,2025,"{""type"":""Point"",""coordinates"":[106.93076652411538,-6.680670780593936]}"
2_0000000000000000007c,0.13910000026226044,0.11400000005960464,0.07599999755620956,0.09380000084638596,0.10080000013113022,0.14139999449253082,0.008199623077643922,0.16763003824375108,0,2025,"{""type"":""Point"",""coordinates"":[106.8803363873051,-6.658047054726257]}"
2_0000000000000000007d,0.503600001335144,0.5268999934196472,0.21639999747276306,0.2587999999523163,0.2687999904155731,0.31839999556541443,-0.22530414412171124,0.08446867563693584,0,2025,"{""type"":""Point"",""coordinates"":[107.13184744899581,-6.61924933485983]}"
2_0000000000000000007e,0.3903000056743622,0.4533500075340271,0.27720001339912415,0.30309998989105225,0.31679999828338623,0.3156999945640564,-0.10566573808089676,-0.0017391363348128164,0,2025,"{""type"":""Point"",""coordinates"":[107.0652406741441,-6.597994526321729]}"
2_0000000000000000007f,0.2540000081062317,0.181099995970726,0.06960000097751617,0.10159999877214432,0.15379999577999115,0.1906999945640564,-0.14234318228486167,0.10711175564101964,0,2025,"{""type"":""Point"",""coordinates"":[107.1269936975782,-6.579171700493039]}"
2_00000000000000000080,0.021700000390410423,0.01269999984651804,0.03220000118017197,0.035599999129772186,0.02539999969303608,0.040800001472234726,0.3056000082015989,0.23262842157286312,0,2025,"{""type"":""Point"",""coordinates"":[107.15176620836954,-6.537917755508968]}"
2_00000000000000000081,0.17919999361038208,0.1696999967098236,0.13580000400543213,0.14980000257492065,0.15559999644756317,0.1736000031232834,-0.015872989055967082,0.054678027640296105,0,2025,"{""type"":""Point"",""coordinates"":[107.17090645189981,-6.546530204559228]}"
2_00000000000000000082,0.19750000536441803,0.16210000216960907,0.10620000213384628,0.12280000001192093,0.13379999995231628,0.15700000524520874,-0.11424541299607362,0.07977993424427184,0,2025,"{""type"":""Point"",""coordinates"":[107.14450651269095,-6.51670015424859]}"
2_00000000000000000083,0.3041999936103821,0.24410000443458557,0.0970500037074089,0.12470000237226486,0.1462000012397766,0.19984999299049377,-0.20702311951952543,0.15503537825525032,0,2025,"{""type"":""Point"",""coordinates"":[107.10236242074637,-6.473481665563003]}"
2_00000000000000000084,0.16869999468326569,0.15109999477863312,0.12919999659061432,0.1526000052690506,0.16619999706745148,0.18330000340938568,0.041477297742135405,0.04892705670559074,0,2025,"{""type"":""Point"",""coordinates"":[107.06457064794705,-6.452818449975987]}"
2_00000000000000000085,0.19629999995231628,0.13189999759197235,0.05900000035762787,0.09860000014305115,0.1306000053882599,0.1761000007390976,-0.05424274751803034,0.14835342172097574,0,2025,"{""type"":""Point"",""coordinates"":[106.99291070020081,-6.5589601780720646]}"
2_00000000000000000086,0.1696999967098236,0.15330000221729279,0.08560000360012054,0.09629999846220016,0.10999999940395355,0.1467999964952469,-0.07235387268946662,0.14330217164698916,0,2025,"{""type"":""Point"",""coordinates"":[106.99685697684065,-6.464213260200322]}"
2_00000000000000000087,0.022350000217556953,0.010999999940395355,0.035750001668930054,0.040150001645088196,0.025750000029802322,0.03229999914765358,0.1820676861056043,0.11283375039900073,0,2025,"{""type"":""Point"",""coordinates"":[106.99230294393514,-6.628499569957639]}"
2_00000000000000000088,0.14790000021457672,0.10019999742507935,0.06780000030994415,0.10279999673366547,0.16500000655651093,0.1736000031232834,0.07993779981923942,0.025398689666031805,0,2025,"{""type"":""Point"",""coordinates"":[106.82104592606986,-6.761940090139223]}"
2_00000000000000000089,0.027149999514222145,0.016599999740719795,0.17479999363422394,0.2046000063419342,0.1949000060558319,0.15074999630451202,0.6947723423008304,-0.12773039042335377,0,2025,"{""type"":""Point"",""coordinates"":[106.57186626180282,-6.644802365635079]}"
2_0000000000000000008a,0.3018999993801117,0.30079999566078186,0.08640000224113464,0.09915000200271606,0.12809999287128448,0.1770000010728836,-0.2608060100001758,0.16027534963028417,0,2025,"{""type"":""Point"",""coordinates"":[106.63263600824867,-6.573500348985927]}"
2_0000000000000000008b,0.30709999799728394,0.31369999051094055,0.10360000282526016,0.125,0.14399999380111694,0.19939999282360077,-0.21263574950738642,0.16132790093270252,0,2025,"{""type"":""Point"",""coordinates"":[107.04647019419573,-6.518498377570356]}"
2_0000000000000000008c,0.03620000183582306,0.02239999920129776,0.026799999177455902,0.05130000039935112,0.021400000900030136,0.01720000058412552,-0.3558052507615567,-0.10880829415585938,0,2025,"{""type"":""Point"",""coordinates"":[106.55700925543749,-6.530584419903617]}"
2_0000000000000000008d,0.3707999885082245,0.28279998898506165,0.11259999871253967,0.1671999990940094,0.2142000049352646,0.24570000171661377,-0.20291968982187106,0.06849314269567543,0,2025,"{""type"":""Point"",""coordinates"":[106.86963516023944,-6.560678697663392]}"
2_0000000000000000008e,0.02280000038444996,0.01080000028014183,0.03869999945163727,0.04324999824166298,0.027799999341368675,0.037300001829862595,0.24126457422924227,0.14592937507798576,0,2025,"{""type"":""Point"",""coordinates"":[106.69868858442335,-6.630189423339375]}"
2_0000000000000000008f,0.20600000023841858,0.16760000586509705,0.10499999672174454,0.11900000274181366,0.14079999923706055,0.15160000324249268,-0.15212526976060217,0.03693571789961714,0,2025,"{""type"":""Point"",""coordinates"":[106.89509898720829,-6.594570460586647]}"
2_00000000000000000090,0.24959999322891235,0.19179999828338623,0.1234000027179718,0.15559999644756317,0.18379999697208405,0.19629999995231628,-0.1195335144464404,0.03288609071659218,0,2025,"{""type"":""Point"",""coordinates"":[106.89181031030857,-6.604106795811481]}"
2_00000000000000000091,0.2727999985218048,0.22310000658035278,0.11940000206232071,0.15320000052452087,0.1868000030517578,0.2386000007390976,-0.06687524018798308,0.12176774148033823,0,2025,"{""type"":""Point"",""coordinates"":[106.8490291582763,-6.622679937291208]}"
2_00000000000000000092,0.26054999232292175,0.2281000018119812,0.09690000116825104,0.12470000237226486,0.15299999713897705,0.17720000445842743,-0.19040545625892177,0.07328893762077014,0,2025,"{""type"":""Point"",""coordinates"":[107.08193367134118,-6.55145239733655]}"
2_00000000000000000093,0.08969999849796295,0.0502999983727932,0.060600001364946365,0.08609999716281891,0.08919999748468399,0.14270000159740448,0.22805509069575086,0.23070290782443015,0,2025,"{""type"":""Point"",""coordinates"":[106.99987890045368,-6.483962061178004]}"
2_00000000000000000094,0.01850000023841858,0.012000000104308128,0.08649999648332596,0.10819999873638153,0.07729999721050262,0.03359999880194664,0.2898272330452275,-0.39404869233404094,0,2025,"{""type"":""Point"",""coordinates"":[106.92381034554276,-6.55189026805649]}"
2_00000000000000000095,0.36649999022483826,0.30309998989105225,0.1088000014424324,0.1462000012397766,0.18960000574588776,0.23980000615119934,-0.20897243086087275,0.11690731023394302,0,2025,"{""type"":""Point"",""coordinates"":[107.18350706723794,-6.603155987340346]}"
